adjustment_type,instrument_id,pnl_change,quantity_change,reason,ts_event
FUNDING,BTCUSDT-PERP.BINANCE,-3.83834970 USDT,,funding_settlement:574fc921-78dc-4114-adde-554565fc0466,1612166400014000000
FUNDING,BTCUSDT-PERP.BINANCE,-6.70032812 USDT,,funding_settlement:b5df9030-2f40-4e41-9744-f85a4b66f806,1612195200000000000
FUNDING,BTCUSDT-PERP.BINANCE,-3.72647018 USDT,,funding_settlement:5e4e8209-5a24-4094-841c-6e689454b37d,1612224000000000000
FUNDING,BTCUSDT-PERP.BINANCE,-4.58267007 USDT,,funding_settlement:7d2ec6b4-82eb-4429-ae24-896153771389,1612252800006000000
FUNDING,BTCUSDT-PERP.BINANCE,-12.82258761 USDT,,funding_settlement:1b9556ff-486a-4220-941c-85b94aa0f878,1612281600000000000
FUNDING,BTCUSDT-PERP.BINANCE,-8.29121323 USDT,,funding_settlement:d180e62e-4ce2-49f6-a62c-d22ed7ee7edd,1612310400009000000
FUNDING,BTCUSDT-PERP.BINANCE,-8.86862387 USDT,,funding_settlement:1bf0cbea-980b-4fdb-957e-0dafbada2ee7,1612339200006000000
FUNDING,BTCUSDT-PERP.BINANCE,-8.38848442 USDT,,funding_settlement:ca0e837c-bf5c-4756-9c61-f35c00e20686,1612368000006000000
FUNDING,BTCUSDT-PERP.BINANCE,-3.30467388 USDT,,funding_settlement:869d5096-515d-4b11-ab5f-39c987d97c27,1612396800005000000
FUNDING,BTCUSDT-PERP.BINANCE,-8.49680060 USDT,,funding_settlement:321a03a8-9c6b-445e-a2d1-d93ba81e4bde,1612425600000000000
FUNDING,BTCUSDT-PERP.BINANCE,-6.84630088 USDT,,funding_settlement:6702485e-d1cb-431a-b9c4-44625319d87d,1612454400011000000
FUNDING,BTCUSDT-PERP.BINANCE,-6.32722478 USDT,,funding_settlement:17c29f6a-668d-4f3c-9953-d66f288880a9,1612483200009000000
FUNDING,BTCUSDT-PERP.BINANCE,-8.51973118 USDT,,funding_settlement:aebfd049-4194-4b87-91b6-02d310d7f7e3,1612512000004000000
FUNDING,BTCUSDT-PERP.BINANCE,-11.37726609 USDT,,funding_settlement:2c92a4c4-1435-4538-938f-168617ce3727,1612540800000000000
FUNDING,BTCUSDT-PERP.BINANCE,-4.02565689 USDT,,funding_settlement:eb22ad77-cbba-4959-8784-22bda68d6e9c,1612569600008000000
FUNDING,BTCUSDT-PERP.BINANCE,-8.30823428 USDT,,funding_settlement:452579c1-99fa-4d6f-8a2e-8d9e28d02b0c,1612598400009000000
FUNDING,BTCUSDT-PERP.BINANCE,-12.64061736 USDT,,funding_settlement:92d63bd7-e209-459e-bdbf-009251bbe3a0,1612627200000000000
FUNDING,BTCUSDT-PERP.BINANCE,-18.43810077 USDT,,funding_settlement:02d9d993-a8ea-42eb-a197-a1d82f96cac9,1612656000000000000
FUNDING,BTCUSDT-PERP.BINANCE,-7.68216824 USDT,,funding_settlement:54626f14-3b35-4d8b-8de2-e8f642b9d65b,1612684800005000000
FUNDING,BTCUSDT-PERP.BINANCE,-12.17474864 USDT,,funding_settlement:6c76c490-ec6e-44d5-be4f-d1d89188b8b6,1612713600001000000
FUNDING,BTCUSDT-PERP.BINANCE,-6.95236602 USDT,,funding_settlement:4f5a71fa-2190-4260-b746-c5839602b120,1612742400000000000
FUNDING,BTCUSDT-PERP.BINANCE,-6.87141491 USDT,,funding_settlement:8051b104-7c31-4e0d-ba8d-4635988dbe2c,1612771200001000000
FUNDING,BTCUSDT-PERP.BINANCE,-32.91508160 USDT,,funding_settlement:357a9627-c4a5-473b-9544-bc47b6c784c7,1612800000000000000
FUNDING,BTCUSDT-PERP.BINANCE,-18.38043384 USDT,,funding_settlement:bef7a1de-1eec-4cea-9434-10e5165ccc67,1612828800010000000
FUNDING,BTCUSDT-PERP.BINANCE,-26.83390664 USDT,,funding_settlement:4b1b98a0-c406-42e9-88f2-29ed99063541,1612857600006000000
FUNDING,BTCUSDT-PERP.BINANCE,-22.80541254 USDT,,funding_settlement:2bf7e353-ddac-4f7e-b81c-986555920017,1612886400007000000
FUNDING,BTCUSDT-PERP.BINANCE,-17.46314186 USDT,,funding_settlement:ab154f35-de2c-44cc-b251-a82536abd6c0,1612915200009000000
FUNDING,BTCUSDT-PERP.BINANCE,-24.71765530 USDT,,funding_settlement:b4c8a6ce-d43e-4c75-9405-d8e6d02c6a8d,1612944000014000000
FUNDING,BTCUSDT-PERP.BINANCE,-15.05878427 USDT,,funding_settlement:467590af-bfc2-4d09-9717-a41edf21e703,1612972800005000000
FUNDING,BTCUSDT-PERP.BINANCE,-10.39781798 USDT,,funding_settlement:ac8a04c0-fe7a-4834-b053-4a35532ceb70,1613001600000000000
FUNDING,BTCUSDT-PERP.BINANCE,-11.22904654 USDT,,funding_settlement:0a79f2b8-d47f-47a1-9316-0db0b729173d,1613030400000000000
FUNDING,BTCUSDT-PERP.BINANCE,-25.28029174 USDT,,funding_settlement:229adbf9-c7f4-4484-8abe-4cf375c1bf30,1613059200000000000
FUNDING,BTCUSDT-PERP.BINANCE,-18.69438911 USDT,,funding_settlement:023a49fa-0068-46d8-8440-5e72cd6c7f6a,1613088000000000000
FUNDING,BTCUSDT-PERP.BINANCE,-17.98074666 USDT,,funding_settlement:41a130c1-7cbe-4782-8633-bb96147f3a51,1613116800000000000
FUNDING,BTCUSDT-PERP.BINANCE,-14.99977973 USDT,,funding_settlement:e6964ed7-2bdc-48ae-92f8-81632f48d935,1613145600000000000
FUNDING,BTCUSDT-PERP.BINANCE,-20.03233231 USDT,,funding_settlement:e18893b3-5edb-4a5a-a9d2-9fa67430c65d,1613174400001000000
FUNDING,BTCUSDT-PERP.BINANCE,-20.11876853 USDT,,funding_settlement:3efe7a34-af4f-4eb6-aec9-42fab66d3e78,1613203200003000000
FUNDING,BTCUSDT-PERP.BINANCE,-10.80965586 USDT,,funding_settlement:37eb4034-0ed5-423d-b4de-4301f5672fdd,1613232000000000000
FUNDING,BTCUSDT-PERP.BINANCE,-12.12863767 USDT,,funding_settlement:f36979c4-5d22-4d81-9fd1-b1dfe2922664,1613260800013000000
FUNDING,BTCUSDT-PERP.BINANCE,-21.55557430 USDT,,funding_settlement:4ce218f0-c622-4f52-ba3f-fe0601cf2c86,1613289600000000000
FUNDING,BTCUSDT-PERP.BINANCE,-21.96096051 USDT,,funding_settlement:0d001741-6834-422c-b91d-4af7135abafa,1613318400008000000
FUNDING,BTCUSDT-PERP.BINANCE,-17.32427383 USDT,,funding_settlement:f451c7fd-f7a1-4128-9fb0-45be72780c2c,1613347200000000000
FUNDING,BTCUSDT-PERP.BINANCE,-5.80062791 USDT,,funding_settlement:c809c85b-2d3b-458b-9576-f4e6ebb8cf99,1613376000006000000
FUNDING,BTCUSDT-PERP.BINANCE,-9.87554939 USDT,,funding_settlement:ddecf825-4570-40a1-a932-1576317c6fe6,1613404800000000000
FUNDING,BTCUSDT-PERP.BINANCE,-14.43212649 USDT,,funding_settlement:c8e551a5-3a32-4504-a904-d68b0c52788d,1613433600001000000
FUNDING,BTCUSDT-PERP.BINANCE,-18.36382407 USDT,,funding_settlement:a9374625-704f-4710-9dd7-4f781f0b4340,1613462400000000000
FUNDING,BTCUSDT-PERP.BINANCE,-21.00081949 USDT,,funding_settlement:8d1acdfb-05fe-423b-b232-06b37316d4ab,1613491200010000000
FUNDING,BTCUSDT-PERP.BINANCE,-15.46938126 USDT,,funding_settlement:595adda2-0ce7-4b5e-afce-83432a5f7e37,1613520000005000000
FUNDING,BTCUSDT-PERP.BINANCE,-14.44125993 USDT,,funding_settlement:9f530c9a-926b-4f73-98c3-beaf8b6c852c,1613548800010000000
FUNDING,BTCUSDT-PERP.BINANCE,-22.75643349 USDT,,funding_settlement:315595c2-1026-4c42-97c8-3038008af17f,1613577600008000000
FUNDING,BTCUSDT-PERP.BINANCE,-20.84610863 USDT,,funding_settlement:692a12dc-39cc-4db1-945c-05ebaea9b07b,1613606400012000000
FUNDING,BTCUSDT-PERP.BINANCE,-24.23848141 USDT,,funding_settlement:665cb982-a16a-42e3-9207-ad2ed1c48ab6,1613635200000000000
FUNDING,BTCUSDT-PERP.BINANCE,-19.63223158 USDT,,funding_settlement:856f82c2-5094-4a69-a8d9-6cd98f5d87b8,1613664000009000000
FUNDING,BTCUSDT-PERP.BINANCE,-14.22325191 USDT,,funding_settlement:642f281e-ed5d-4950-9e09-e014a307e593,1613692800010000000
FUNDING,BTCUSDT-PERP.BINANCE,-13.23012833 USDT,,funding_settlement:23c79937-16aa-42cb-92d6-38f928b2f094,1613721600002000000
FUNDING,BTCUSDT-PERP.BINANCE,-20.97862602 USDT,,funding_settlement:d4feb99e-b78b-432e-a243-e683cfc17797,1613750400008000000
FUNDING,BTCUSDT-PERP.BINANCE,-26.42847969 USDT,,funding_settlement:0b23586b-0310-4579-8774-a829dfabf318,1613779200000000000
FUNDING,BTCUSDT-PERP.BINANCE,-19.45095181 USDT,,funding_settlement:011247bd-7a00-4eb4-ba0d-eb374a83bd42,1613808000009000000
FUNDING,BTCUSDT-PERP.BINANCE,-20.79619780 USDT,,funding_settlement:4e4c019c-de44-48fb-84b4-bbbeed320bec,1613836800000000000
FUNDING,BTCUSDT-PERP.BINANCE,-16.95314250 USDT,,funding_settlement:886cb70d-844e-404b-8a37-87335f4ae00a,1613865600007000000
FUNDING,BTCUSDT-PERP.BINANCE,-16.78968426 USDT,,funding_settlement:08164f95-c729-46ad-90ac-3da9f2770d3e,1613894400012000000
FUNDING,BTCUSDT-PERP.BINANCE,-21.80679330 USDT,,funding_settlement:45d5786d-7c3a-4948-9df8-1fc4580cf745,1613923200001000000
FUNDING,BTCUSDT-PERP.BINANCE,-20.31495421 USDT,,funding_settlement:fd2a83b5-b39d-4533-a642-299d84ad9b01,1613952000006000000
FUNDING,BTCUSDT-PERP.BINANCE,-15.66103984 USDT,,funding_settlement:57760b87-4f88-4a2d-b130-dc043feed715,1613980800002000000
FUNDING,BTCUSDT-PERP.BINANCE,-12.53135157 USDT,,funding_settlement:efa1b033-2b81-475e-b69b-458128b248ea,1614009600000000000
FUNDING,BTCUSDT-PERP.BINANCE,-4.07698730 USDT,,funding_settlement:dff15d3f-e3ef-4481-a4de-d68c75487e24,1614038400000000000
FUNDING,BTCUSDT-PERP.BINANCE,-4.44612413 USDT,,funding_settlement:bab9f350-b080-4c9a-8623-35dd199d822b,1614067200006000000
FUNDING,BTCUSDT-PERP.BINANCE,-1.94995581 USDT,,funding_settlement:575da969-55e9-4804-b027-e90ee16c1680,1614096000000000000
FUNDING,BTCUSDT-PERP.BINANCE,-1.47780848 USDT,,funding_settlement:e73f2831-498f-4f5a-b9d7-bcb152717d6a,1614124800012000000
FUNDING,BTCUSDT-PERP.BINANCE,-7.84030492 USDT,,funding_settlement:cc5c7dbb-cd19-409c-aaae-8c234500d7e4,1614153600016000000
FUNDING,BTCUSDT-PERP.BINANCE,-5.61396217 USDT,,funding_settlement:aa8dc0d1-46a4-4c83-be88-81034f440f4f,1614182400011000000
FUNDING,BTCUSDT-PERP.BINANCE,-2.65784295 USDT,,funding_settlement:20da5d60-95a2-49d1-8bf1-6b1171abcb52,1614211200007000000
FUNDING,BTCUSDT-PERP.BINANCE,-2.77825358 USDT,,funding_settlement:9e89ce8e-98ed-4287-a039-eeee0a6e1159,1614240000000000000
FUNDING,BTCUSDT-PERP.BINANCE,-5.23106318 USDT,,funding_settlement:58bf0896-caee-435a-88e8-51e913827109,1614268800010000000
FUNDING,BTCUSDT-PERP.BINANCE,-1.42236772 USDT,,funding_settlement:074e4752-6d29-4fe0-a53c-115efe091c33,1614297600000000000
FUNDING,BTCUSDT-PERP.BINANCE,-1.35682663 USDT,,funding_settlement:fdfc46b1-d68b-4adc-afc7-cc175315af53,1614326400025000000
FUNDING,BTCUSDT-PERP.BINANCE,-1.43793283 USDT,,funding_settlement:35fdfbfc-8b01-4e90-b315-fcfae34e0476,1614355200010000000
FUNDING,BTCUSDT-PERP.BINANCE,-4.21947052 USDT,,funding_settlement:cce9bc6e-6130-4029-833a-0037a4a93c27,1614384000001000000
FUNDING,BTCUSDT-PERP.BINANCE,-6.35276774 USDT,,funding_settlement:a95a1a21-8ed4-4b02-ba81-186a50d00961,1614412800000000000
FUNDING,BTCUSDT-PERP.BINANCE,-1.41156921 USDT,,funding_settlement:2efb6b67-966e-47bb-847c-7cd7196afa4e,1614441600000000000
FUNDING,BTCUSDT-PERP.BINANCE,-1.39275756 USDT,,funding_settlement:b7c14e6b-ea55-45ad-a2a3-a3c26dcfd73c,1614470400021000000
FUNDING,BTCUSDT-PERP.BINANCE,-1.34216561 USDT,,funding_settlement:4a17fd0c-56ca-4e6d-a1fd-7e92a478a085,1614499200009000000
FUNDING,BTCUSDT-PERP.BINANCE,-4.94630883 USDT,,funding_settlement:fa885444-ca83-4f9e-9854-8cd0dd8b1bb0,1614528000000000000
FUNDING,BTCUSDT-PERP.BINANCE,-2.30931595 USDT,,funding_settlement:ab419c4b-4997-4d52-b446-6c53112dd709,1614556800000000000
FUNDING,BTCUSDT-PERP.BINANCE,-1.39818299 USDT,,funding_settlement:fada137d-a36c-4fb4-af37-44459c55d973,1614585600003000000
FUNDING,BTCUSDT-PERP.BINANCE,-1.48511753 USDT,,funding_settlement:94d2b21b-27e1-4753-9e37-4ed23b2f1ca2,1614614400001000000
FUNDING,BTCUSDT-PERP.BINANCE,-1.49733348 USDT,,funding_settlement:d9d6a771-2479-4085-b303-fbfb4430689c,1614643200000000000
FUNDING,BTCUSDT-PERP.BINANCE,-1.46057438 USDT,,funding_settlement:17dde1b9-fe9e-4c87-95b6-df6d00a45141,1614672000000000000
FUNDING,BTCUSDT-PERP.BINANCE,-1.47023809 USDT,,funding_settlement:a10e77e2-b055-4b75-8fd7-d3c1b7328349,1614700800004000000
FUNDING,BTCUSDT-PERP.BINANCE,-1.46299874 USDT,,funding_settlement:c76bd829-8bf8-4375-953f-fbe6a2673274,1614729600000000000
FUNDING,BTCUSDT-PERP.BINANCE,-1.50232118 USDT,,funding_settlement:4d1bf088-2146-4e6e-95e6-b1ae02d6521b,1614758400016000000
FUNDING,BTCUSDT-PERP.BINANCE,-6.91218913 USDT,,funding_settlement:0fd39e05-11e8-4e95-905a-3615db0e28f8,1614787200000000000
FUNDING,BTCUSDT-PERP.BINANCE,-1.52119363 USDT,,funding_settlement:f4028543-d47c-45b2-ac67-6c0f08ff3c44,1614816000000000000
FUNDING,BTCUSDT-PERP.BINANCE,-1.50093475 USDT,,funding_settlement:5b0c160a-ca51-4667-a509-83b88065d56f,1614844800015000000
FUNDING,BTCUSDT-PERP.BINANCE,-1.49312635 USDT,,funding_settlement:f45b9bd4-149f-477a-8239-7d00ca552040,1614873600001000000
FUNDING,BTCUSDT-PERP.BINANCE,-1.46082013 USDT,,funding_settlement:b0c4343c-bdab-4609-b2a4-cf5d119e0dfc,1614902400000000000
FUNDING,BTCUSDT-PERP.BINANCE,-1.43245363 USDT,,funding_settlement:02299f6a-0441-452e-b95d-c6a629e4b5a8,1614931200002000000
FUNDING,BTCUSDT-PERP.BINANCE,-1.44670291 USDT,,funding_settlement:b47adda7-98b3-4a2c-8620-0dd57a33461a,1614960000008000000
FUNDING,BTCUSDT-PERP.BINANCE,-1.47300379 USDT,,funding_settlement:956f4814-67d4-4b06-9cfb-ab252a1be692,1614988800000000000
FUNDING,BTCUSDT-PERP.BINANCE,-1.47501300 USDT,,funding_settlement:f994c232-54e5-4e3c-9f33-9acb7961e17e,1615017600000000000
FUNDING,BTCUSDT-PERP.BINANCE,-1.42746929 USDT,,funding_settlement:c5ae565d-7e71-4082-9745-c3c867435772,1615046400000000000
FUNDING,BTCUSDT-PERP.BINANCE,-1.47598121 USDT,,funding_settlement:5fc1acc8-743a-4f52-8925-15d36add3bae,1615075200006000000
FUNDING,BTCUSDT-PERP.BINANCE,-1.51231126 USDT,,funding_settlement:f78502a8-dd03-4f77-808e-6c95e8b26c3a,1615104000005000000
FUNDING,BTCUSDT-PERP.BINANCE,-2.68974026 USDT,,funding_settlement:b8eef89c-334c-43d7-ad5c-9e498bf1390e,1615132800008000000
FUNDING,BTCUSDT-PERP.BINANCE,-1.53935561 USDT,,funding_settlement:ee5dbcd2-d09a-46ed-88d8-207a15b5b60a,1615161600000000000
FUNDING,BTCUSDT-PERP.BINANCE,-1.50379259 USDT,,funding_settlement:35809446-3d53-4b10-900b-e2cb9e78724e,1615190400000000000
FUNDING,BTCUSDT-PERP.BINANCE,-3.81733224 USDT,,funding_settlement:114e840f-6d3c-4910-90ff-7b6a73e1e196,1615219200006000000
FUNDING,BTCUSDT-PERP.BINANCE,-11.46366776 USDT,,funding_settlement:adb11c3f-1b3d-45e6-aeda-b82d7d2ec4ec,1615248000000000000
FUNDING,BTCUSDT-PERP.BINANCE,-6.79195123 USDT,,funding_settlement:785d1faf-af8d-47a5-8a2c-2f5131bc3df0,1615276800000000000
FUNDING,BTCUSDT-PERP.BINANCE,-9.32502196 USDT,,funding_settlement:42ec2767-b572-42ad-9c4d-2b117c3631dd,1615305600000000000
FUNDING,BTCUSDT-PERP.BINANCE,-4.03775760 USDT,,funding_settlement:184d95c1-ca26-4205-87fc-09344a7233c3,1615334400009000000
FUNDING,BTCUSDT-PERP.BINANCE,-7.95296568 USDT,,funding_settlement:b2559b75-fc04-485b-9bbe-3da610488338,1615363200006000000
FUNDING,BTCUSDT-PERP.BINANCE,-9.69245704 USDT,,funding_settlement:4e0cf8dc-6c84-4a19-8d67-d901bde96099,1615392000008000000
FUNDING,BTCUSDT-PERP.BINANCE,-16.20268814 USDT,,funding_settlement:a8e44db0-1d6a-465e-92fc-ef670de76edc,1615420800000000000
FUNDING,BTCUSDT-PERP.BINANCE,-16.52674289 USDT,,funding_settlement:e242883a-41d6-4c1d-83fc-dd32d3becd29,1615449600000000000
FUNDING,BTCUSDT-PERP.BINANCE,-14.55656919 USDT,,funding_settlement:ce13e554-b664-4320-9da8-84c21571ef0d,1615478400014000000
FUNDING,BTCUSDT-PERP.BINANCE,-17.82354079 USDT,,funding_settlement:805c02b5-5be4-4edc-ba89-95d0384f5b04,1615507200002000000
FUNDING,BTCUSDT-PERP.BINANCE,-11.50782391 USDT,,funding_settlement:cb5eb02f-851b-4528-9bf1-3d56cee188fc,1615536000005000000
FUNDING,BTCUSDT-PERP.BINANCE,-8.81607240 USDT,,funding_settlement:8c40a973-03f9-44e1-9315-0100f022b873,1615564800011000000
FUNDING,BTCUSDT-PERP.BINANCE,-8.27995803 USDT,,funding_settlement:6ee24c8f-fde6-4160-ba2c-2edfac07a051,1615593600000000000
FUNDING,BTCUSDT-PERP.BINANCE,-10.49688557 USDT,,funding_settlement:f6d40475-5503-45ed-8b04-9cde90cd01e1,1615622400002000000
FUNDING,BTCUSDT-PERP.BINANCE,-10.30156003 USDT,,funding_settlement:f368d596-45e5-4c73-9d7f-ee1f2789d095,1615651200000000000
FUNDING,BTCUSDT-PERP.BINANCE,-15.13514335 USDT,,funding_settlement:736a791f-a320-4cf9-87a6-6431220a829f,1615680000011000000
FUNDING,BTCUSDT-PERP.BINANCE,-15.47958233 USDT,,funding_settlement:ce5ffda1-9eb1-49e3-8e08-4dc88ab81f5a,1615708800000000000
FUNDING,BTCUSDT-PERP.BINANCE,-20.76902244 USDT,,funding_settlement:3c987de3-6a7e-4377-b931-f507042aa557,1615737600000000000
FUNDING,BTCUSDT-PERP.BINANCE,-14.62652300 USDT,,funding_settlement:92caaf13-ce40-416a-9cb9-dc90ab3ef2f1,1615766400012000000
FUNDING,BTCUSDT-PERP.BINANCE,-18.37596364 USDT,,funding_settlement:70dde11e-e656-4390-bce8-03dce6d4c470,1615795200016000000
FUNDING,BTCUSDT-PERP.BINANCE,-2.67994466 USDT,,funding_settlement:0caf1e58-9335-47f7-9a84-ab9ea0d51f40,1615824000030000000
FUNDING,BTCUSDT-PERP.BINANCE,-3.79488181 USDT,,funding_settlement:c9aa06f6-331c-4944-9612-173b9626177f,1615852800005000000
FUNDING,BTCUSDT-PERP.BINANCE,-5.98230710 USDT,,funding_settlement:aaca6fd0-295f-4e55-af9e-86c2faa62f30,1615881600008000000
FUNDING,BTCUSDT-PERP.BINANCE,-6.86450872 USDT,,funding_settlement:e8581639-d90e-47ed-b417-fc7e273501be,1615910400012000000
FUNDING,BTCUSDT-PERP.BINANCE,-6.08275891 USDT,,funding_settlement:d04001b7-4891-4800-b186-017197f33a7e,1615939200010000000
FUNDING,BTCUSDT-PERP.BINANCE,-3.24443105 USDT,,funding_settlement:1e98919b-c90c-42bf-a481-af1bb4edd27b,1615968000000000000
FUNDING,BTCUSDT-PERP.BINANCE,-4.07834585 USDT,,funding_settlement:a1b715d0-6647-4a36-a731-44b3fd35ac42,1615996800009000000
FUNDING,BTCUSDT-PERP.BINANCE,-5.38712546 USDT,,funding_settlement:b479554a-820a-4930-847b-75a59eb29329,1616025600001000000
FUNDING,BTCUSDT-PERP.BINANCE,-5.16026383 USDT,,funding_settlement:26b10f77-de2b-47ba-8b53-8d3b06aa6c93,1616054400000000000
FUNDING,BTCUSDT-PERP.BINANCE,-5.85494795 USDT,,funding_settlement:4aa936db-b0cc-4e01-b05c-72324c16c62d,1616083200000000000
FUNDING,BTCUSDT-PERP.BINANCE,-5.57717352 USDT,,funding_settlement:fdd4bd46-af0b-4465-bfd8-09b1a0ea21d1,1616112000011000000
FUNDING,BTCUSDT-PERP.BINANCE,-2.25210811 USDT,,funding_settlement:e7a4e66e-a56b-418b-9aba-d395f80f4fdd,1616140800001000000
FUNDING,BTCUSDT-PERP.BINANCE,-5.92820338 USDT,,funding_settlement:2e254515-be6f-413d-bc33-7b118214bc8d,1616169600000000000
FUNDING,BTCUSDT-PERP.BINANCE,-8.64714984 USDT,,funding_settlement:ce4914f4-b9bd-4093-98f4-5a9c2724d918,1616198400000000000
FUNDING,BTCUSDT-PERP.BINANCE,-7.84959477 USDT,,funding_settlement:500cf96d-9e6b-4189-9c65-327c92059fb7,1616227200000000000
FUNDING,BTCUSDT-PERP.BINANCE,-8.76054552 USDT,,funding_settlement:37a11da5-c14f-44b4-9ee4-56934442923e,1616256000007000000
FUNDING,BTCUSDT-PERP.BINANCE,-5.50900279 USDT,,funding_settlement:747266e8-33fb-4653-a778-b3d790779551,1616284800000000000
FUNDING,BTCUSDT-PERP.BINANCE,-7.29634185 USDT,,funding_settlement:b8d6260e-5ecd-4fb9-aebf-c5c5d6f50d59,1616313600000000000
FUNDING,BTCUSDT-PERP.BINANCE,-1.72746748 USDT,,funding_settlement:b86edd9b-ae5e-48bf-a621-97f792c9b10b,1616342400000000000
FUNDING,BTCUSDT-PERP.BINANCE,-9.00135308 USDT,,funding_settlement:89d69436-15f8-42d8-9874-1e71fba0a8e0,1616371200007000000
FUNDING,BTCUSDT-PERP.BINANCE,-7.93047576 USDT,,funding_settlement:d9f60b6f-c5c4-4dd0-b7a9-74f949754af8,1616400000001000000
FUNDING,BTCUSDT-PERP.BINANCE,-8.44638152 USDT,,funding_settlement:8171db44-b7aa-4c84-b7fc-8f0757f47762,1616428800000000000
FUNDING,BTCUSDT-PERP.BINANCE,-3.95612922 USDT,,funding_settlement:55fceded-5303-419e-9b6f-904b8afcc246,1616457600000000000
FUNDING,BTCUSDT-PERP.BINANCE,-4.35705777 USDT,,funding_settlement:243472e8-30bf-4f40-9407-b8ab42f9bbd6,1616486400010000000
FUNDING,BTCUSDT-PERP.BINANCE,-7.04457934 USDT,,funding_settlement:0b96cd23-8229-40ab-b40a-fff0deb3f239,1616515200023000000
FUNDING,BTCUSDT-PERP.BINANCE,-8.78120180 USDT,,funding_settlement:aa010ced-8cb1-481c-aebf-9e38444fd79c,1616544000002000000
FUNDING,BTCUSDT-PERP.BINANCE,-2.77627854 USDT,,funding_settlement:1a6834d5-a881-4e78-8196-7f0e09420c7c,1616572800000000000
FUNDING,BTCUSDT-PERP.BINANCE,-4.49641270 USDT,,funding_settlement:f9ed4a18-53d8-4102-a8e5-e5e3cb2dc400,1616601600000000000
FUNDING,BTCUSDT-PERP.BINANCE,-1.86849125 USDT,,funding_settlement:d61d60ea-7f5a-4eac-9dd5-0665ac1db68c,1616630400000000000
FUNDING,BTCUSDT-PERP.BINANCE,-1.57883969 USDT,,funding_settlement:d01271ad-e6e9-4659-8c55-e04b044accda,1616659200000000000
FUNDING,BTCUSDT-PERP.BINANCE,-1.54035613 USDT,,funding_settlement:84175ed8-f9bb-4f3d-b4b5-151f77935f44,1616688000000000000
FUNDING,BTCUSDT-PERP.BINANCE,-2.48043569 USDT,,funding_settlement:ed6f458d-2914-4a07-8f79-fcc44674d09e,1616716800008000000
FUNDING,BTCUSDT-PERP.BINANCE,-1.61774941 USDT,,funding_settlement:6fe13b69-202a-4632-a9e4-b32c047c9789,1616745600000000000
FUNDING,BTCUSDT-PERP.BINANCE,-1.60977835 USDT,,funding_settlement:4e29ab2b-b681-4720-a605-147ad2f75ee5,1616774400012000000
FUNDING,BTCUSDT-PERP.BINANCE,-1.66190630 USDT,,funding_settlement:fa0ad699-bebc-4cfc-bed7-ed4f84f8121a,1616803200018000000
FUNDING,BTCUSDT-PERP.BINANCE,-1.66008847 USDT,,funding_settlement:5ece0a9d-5dd9-4035-a9c1-6d78a6c8e34c,1616832000000000000
FUNDING,BTCUSDT-PERP.BINANCE,-1.66042741 USDT,,funding_settlement:fc5d3f8f-4476-4f34-ba3b-fad352be28cc,1616860800001000000
FUNDING,BTCUSDT-PERP.BINANCE,-1.68693128 USDT,,funding_settlement:c80dbd59-36fe-439e-aa2d-30be9296cc6a,1616889600000000000
FUNDING,BTCUSDT-PERP.BINANCE,-1.69745110 USDT,,funding_settlement:de033f9e-7265-42fb-8046-b66c9655fb52,1616918400000000000
FUNDING,BTCUSDT-PERP.BINANCE,-1.70227615 USDT,,funding_settlement:27fc2163-3bde-45eb-bc13-838a48b9ca1a,1616947200005000000
FUNDING,BTCUSDT-PERP.BINANCE,-1.68496229 USDT,,funding_settlement:fe2f2fe1-dbbf-4f71-9e5e-7fc7431a8a08,1616976000003000000
FUNDING,BTCUSDT-PERP.BINANCE,-1.68911168 USDT,,funding_settlement:508a028b-b7ad-4e97-98f9-c8f4941b540b,1617004800000000000
FUNDING,BTCUSDT-PERP.BINANCE,-3.16922306 USDT,,funding_settlement:682deb00-234a-461a-8e23-dfadf71956e0,1617033600000000000
FUNDING,BTCUSDT-PERP.BINANCE,-5.57803091 USDT,,funding_settlement:0366555b-a806-4c74-8b0c-e13cc2f592b8,1617062400018000000
FUNDING,BTCUSDT-PERP.BINANCE,-4.78813422 USDT,,funding_settlement:548e7d3c-7820-4b51-9a46-5c0ef392d632,1617091200012000000
FUNDING,BTCUSDT-PERP.BINANCE,-14.78152000 USDT,,funding_settlement:16a07fbc-d57c-4f58-abd3-c58495c53e3a,1617120000001000000
FUNDING,BTCUSDT-PERP.BINANCE,-14.33944797 USDT,,funding_settlement:cb8b4b1d-b70b-447c-984b-8d4c6b25122b,1617148800000000000
FUNDING,BTCUSDT-PERP.BINANCE,-12.45025880 USDT,,funding_settlement:563f0c5a-b7db-4722-8f31-4a94f9849f3f,1617177600000000000
FUNDING,BTCUSDT-PERP.BINANCE,-10.46604792 USDT,,funding_settlement:eb19af96-42c2-4a65-8bfe-5a8f85b5f3f1,1617206400000000000
FUNDING,BTCUSDT-PERP.BINANCE,-19.40929247 USDT,,funding_settlement:994b3602-b1d4-4f44-8fad-db718653ce8e,1617235200025000000
FUNDING,BTCUSDT-PERP.BINANCE,-16.93545675 USDT,,funding_settlement:85ecf63e-82ae-4a7b-a4d3-a82f374f4fa5,1617264000011000000
FUNDING,BTCUSDT-PERP.BINANCE,-9.25815268 USDT,,funding_settlement:459d06ad-3469-4343-b8e3-d23771848cf3,1617292800004000000
FUNDING,BTCUSDT-PERP.BINANCE,-12.61751943 USDT,,funding_settlement:0f6befa1-9f3b-4055-ba1b-89e30ea3fd97,1617321600000000000
FUNDING,BTCUSDT-PERP.BINANCE,-19.10511071 USDT,,funding_settlement:ca194811-5009-489d-b1ef-a35df2d00d50,1617350400000000000
FUNDING,BTCUSDT-PERP.BINANCE,-18.33222162 USDT,,funding_settlement:1d3f7de2-341e-4b08-a18c-49fc0e78db3b,1617379200000000000
FUNDING,BTCUSDT-PERP.BINANCE,-11.27951158 USDT,,funding_settlement:0920d3ee-b6ff-4706-9803-6f2796cfe6bb,1617408000003000000
FUNDING,BTCUSDT-PERP.BINANCE,-19.33428246 USDT,,funding_settlement:f0f96096-478d-47b2-a537-76521f7e6e19,1617436800000000000
FUNDING,BTCUSDT-PERP.BINANCE,-18.01135625 USDT,,funding_settlement:2581990d-0e94-4f98-9c0d-f937bedf549b,1617465600000000000
FUNDING,BTCUSDT-PERP.BINANCE,-8.98781814 USDT,,funding_settlement:1bd59367-5d2a-4a94-a88a-9ec3f71cf54c,1617494400000000000
FUNDING,BTCUSDT-PERP.BINANCE,-8.44392703 USDT,,funding_settlement:8cff0d29-f5c6-48de-9a9c-eef34ba27961,1617523200000000000
FUNDING,BTCUSDT-PERP.BINANCE,-4.64053266 USDT,,funding_settlement:c5ede618-1d07-40f3-bfa9-6d5e7b96c281,1617552000016000000
FUNDING,BTCUSDT-PERP.BINANCE,-6.93940628 USDT,,funding_settlement:3ea23b23-afbb-424f-b739-8a9cbb481f50,1617580800000000000
FUNDING,BTCUSDT-PERP.BINANCE,-7.47678269 USDT,,funding_settlement:c19287d6-3cb4-4abf-a881-ab3e4038768a,1617609600001000000
FUNDING,BTCUSDT-PERP.BINANCE,-6.67781173 USDT,,funding_settlement:f8cbe45c-be40-4cb5-924a-0b11044c23ea,1617638400001000000
FUNDING,BTCUSDT-PERP.BINANCE,-17.38160082 USDT,,funding_settlement:d77361df-bfe3-4477-abda-84f5855f4348,1617667200010000000
FUNDING,BTCUSDT-PERP.BINANCE,-10.23167069 USDT,,funding_settlement:957dd9c4-4636-455a-bd55-b3ed354bdb95,1617696000000000000
FUNDING,BTCUSDT-PERP.BINANCE,-14.63483130 USDT,,funding_settlement:e45ac742-2267-4a45-a836-7b6e59fe560c,1617724800003000000
FUNDING,BTCUSDT-PERP.BINANCE,-10.10057476 USDT,,funding_settlement:62d36094-a8ca-49a2-bc5f-7d53d455f1d5,1617753600000000000
FUNDING,BTCUSDT-PERP.BINANCE,-9.39708725 USDT,,funding_settlement:c4ddfed9-ef92-43d8-bbe7-ae36bb173511,1617782400006000000
FUNDING,BTCUSDT-PERP.BINANCE,-9.15975388 USDT,,funding_settlement:6733408e-c4be-49f7-96f5-ded7cc4356a4,1617811200004000000
FUNDING,BTCUSDT-PERP.BINANCE,-6.89875751 USDT,,funding_settlement:21be6f85-0bad-4ea9-98e4-8c18a33e6f3f,1617840000013000000
FUNDING,BTCUSDT-PERP.BINANCE,-4.29910560 USDT,,funding_settlement:d2587948-fe06-43eb-bbe6-3ec0ec9c26b6,1617868800003000000
FUNDING,BTCUSDT-PERP.BINANCE,-4.57668101 USDT,,funding_settlement:f8f30f6c-8750-43b1-940d-d94840271647,1617897600005000000
FUNDING,BTCUSDT-PERP.BINANCE,-3.44258358 USDT,,funding_settlement:62ffb274-5acb-437b-a4cc-285c050dc99d,1617926400000000000
FUNDING,BTCUSDT-PERP.BINANCE,-4.61513798 USDT,,funding_settlement:b350d83e-8fd8-41e7-ac6b-00a45fb24f2b,1617955200004000000
FUNDING,BTCUSDT-PERP.BINANCE,-3.83461761 USDT,,funding_settlement:a757e2de-c3de-4ca9-88d2-f89f083757a0,1617984000004000000
FUNDING,BTCUSDT-PERP.BINANCE,-2.27622485 USDT,,funding_settlement:dab1a284-eae6-4447-bdbc-0b2e494823f7,1618012800011000000
FUNDING,BTCUSDT-PERP.BINANCE,-27.19119530 USDT,,funding_settlement:b0a3118d-db94-49ce-8e12-4bcfe35777a3,1618041600005000000
FUNDING,BTCUSDT-PERP.BINANCE,-21.80364208 USDT,,funding_settlement:f3a1463f-0e98-4b7d-a611-6f7c8f50e612,1618070400000000000
FUNDING,BTCUSDT-PERP.BINANCE,-15.67276677 USDT,,funding_settlement:f5b155c0-b9f8-4196-bb3c-3460a5dcddb2,1618099200004000000
FUNDING,BTCUSDT-PERP.BINANCE,-17.93248428 USDT,,funding_settlement:d70a9771-d1c5-4cd0-874b-7f371b7e4107,1618128000000000000
FUNDING,BTCUSDT-PERP.BINANCE,-19.11941105 USDT,,funding_settlement:7a6b5c81-3ef7-4afb-927b-15987676471e,1618156800000000000
FUNDING,BTCUSDT-PERP.BINANCE,-17.01907583 USDT,,funding_settlement:0a8690f7-e8b7-4096-81ee-9802ceed7ecc,1618185600001000000
FUNDING,BTCUSDT-PERP.BINANCE,-19.53706056 USDT,,funding_settlement:e849e703-e794-4cdc-8774-300393383417,1618214400001000000
FUNDING,BTCUSDT-PERP.BINANCE,-17.11640576 USDT,,funding_settlement:6d01974f-e79b-48c2-8886-e5f10b0d2d9f,1618243200008000000
FUNDING,BTCUSDT-PERP.BINANCE,-15.21198837 USDT,,funding_settlement:8bae81d8-d7fc-4cbb-8c63-a6c987db4757,1618272000003000000
FUNDING,BTCUSDT-PERP.BINANCE,-16.59968503 USDT,,funding_settlement:eab4e848-3da5-4bef-a88c-28a23654ed29,1618300800008000000
FUNDING,BTCUSDT-PERP.BINANCE,-23.49604840 USDT,,funding_settlement:6ca330ab-3077-4917-9cc8-494f24c9c24c,1618329600008000000
FUNDING,BTCUSDT-PERP.BINANCE,-17.39698383 USDT,,funding_settlement:81c9ae98-8392-41f7-8133-850c55241b1a,1618358400008000000
FUNDING,BTCUSDT-PERP.BINANCE,-21.10533019 USDT,,funding_settlement:9b863ad7-9d23-44ba-960d-cf7dc1633960,1618387200000000000
FUNDING,BTCUSDT-PERP.BINANCE,-19.98060624 USDT,,funding_settlement:275256d4-7551-46df-a731-d2be7e0e9dc9,1618416000012000000
FUNDING,BTCUSDT-PERP.BINANCE,-14.52992893 USDT,,funding_settlement:361661e2-4d2a-4141-89e7-90bb3ccf2c45,1618444800006000000
FUNDING,BTCUSDT-PERP.BINANCE,-15.59783551 USDT,,funding_settlement:509ea579-4b0c-4b13-9589-4014ba2a7af4,1618473600000000000
FUNDING,BTCUSDT-PERP.BINANCE,-20.91952048 USDT,,funding_settlement:0a4f1350-f899-452e-86fb-603b08580d01,1618502400008000000
FUNDING,BTCUSDT-PERP.BINANCE,-20.93571487 USDT,,funding_settlement:6854d79f-affe-4a87-bb59-c8e1f3382019,1618531200008000000
FUNDING,BTCUSDT-PERP.BINANCE,-22.28920831 USDT,,funding_settlement:6ac94a22-9265-45b8-82b0-47b2287e6066,1618560000000000000
FUNDING,BTCUSDT-PERP.BINANCE,-21.49476588 USDT,,funding_settlement:1b928440-63ac-48fa-bb4b-775411332984,1618588800002000000
FUNDING,BTCUSDT-PERP.BINANCE,-10.18529331 USDT,,funding_settlement:581dd4a3-42ad-4620-a0b1-19fd10df2c9a,1618617600008000000
FUNDING,BTCUSDT-PERP.BINANCE,-10.13624818 USDT,,funding_settlement:93213dee-ea2b-4b91-b85e-7928886318ff,1618646400000000000
FUNDING,BTCUSDT-PERP.BINANCE,-15.96061529 USDT,,funding_settlement:259e190e-b770-468c-acc7-1e50f0357729,1618675200001000000
FUNDING,BTCUSDT-PERP.BINANCE,-14.80968594 USDT,,funding_settlement:f1ffd0db-d326-47c0-a8c2-77882d1c3f79,1618704000006000000
FUNDING,BTCUSDT-PERP.BINANCE,-9.91809980 USDT,,funding_settlement:85cdf17e-90e2-4f73-80b7-a2eb55e53a63,1618732800004000000
FUNDING,BTCUSDT-PERP.BINANCE,-1.67534281 USDT,,funding_settlement:06fea244-d66b-46c5-ad28-0538e0fbfa66,1618761600000000000
FUNDING,BTCUSDT-PERP.BINANCE,-1.69599119 USDT,,funding_settlement:6606c81b-340d-432b-a565-a1c2755854a2,1618790400000000000
FUNDING,BTCUSDT-PERP.BINANCE,-1.73120273 USDT,,funding_settlement:535d975d-f180-41fa-9a8a-04ab89c41ed3,1618819200000000000
FUNDING,BTCUSDT-PERP.BINANCE,-1.64824624 USDT,,funding_settlement:0b5c255e-adfa-412e-853f-6a8eba5d7b04,1618848000009000000
FUNDING,BTCUSDT-PERP.BINANCE,-1.68014197 USDT,,funding_settlement:8627f5eb-f9bf-4625-931c-416ee91b4219,1618876800004000000
FUNDING,BTCUSDT-PERP.BINANCE,-1.64284115 USDT,,funding_settlement:d646c42f-df25-4ba4-a836-df662083b843,1618905600000000000
FUNDING,BTCUSDT-PERP.BINANCE,-1.67094003 USDT,,funding_settlement:7e01198a-e284-4d2a-9ac0-30e794e3d9f0,1618934400001000000
FUNDING,BTCUSDT-PERP.BINANCE,-1.70447604 USDT,,funding_settlement:58167b9d-01c3-45b9-baae-6145b19dfb9e,1618963200013000000
FUNDING,BTCUSDT-PERP.BINANCE,-1.66972146 USDT,,funding_settlement:d3388bb7-7c17-43fd-9cc7-4dc6132429cc,1618992000001000000
FUNDING,BTCUSDT-PERP.BINANCE,-1.69564848 USDT,,funding_settlement:6610f93c-7dfc-4a17-95b5-45e3b47e4fb9,1619020800002000000
FUNDING,BTCUSDT-PERP.BINANCE,-1.62457979 USDT,,funding_settlement:933e5608-1974-4b53-90f9-4c473c257c80,1619049600000000000
FUNDING,BTCUSDT-PERP.BINANCE,-1.63515091 USDT,,funding_settlement:03443d2f-623c-4c2c-a93c-5e424d48841f,1619078400000000000
FUNDING,BTCUSDT-PERP.BINANCE,-1.65098145 USDT,,funding_settlement:98c10e8b-acb2-4636-8f4c-004791902acf,1619107200001000000
FUNDING,BTCUSDT-PERP.BINANCE,-1.56205453 USDT,,funding_settlement:daaf79ce-29ba-41e6-a5fd-eb97ecdd26f5,1619136000002000000
FUNDING,BTCUSDT-PERP.BINANCE,-6.91070667 USDT,,funding_settlement:61036a26-aad6-4840-8312-d163c22a927e,1619164800009000000
FUNDING,BTCUSDT-PERP.BINANCE,-1.50527355 USDT,,funding_settlement:bf84b31d-6443-488c-bd91-49bc2f099255,1619193600001000000
FUNDING,BTCUSDT-PERP.BINANCE,-1.54413717 USDT,,funding_settlement:98b18c5d-7622-471b-bc4c-01b0ab78262b,1619222400019000000
FUNDING,BTCUSDT-PERP.BINANCE,-4.16641263 USDT,,funding_settlement:f93df5ca-66fa-4a26-bed6-bd77c3ee4715,1619251200001000000
FUNDING,BTCUSDT-PERP.BINANCE,-2.54250097 USDT,,funding_settlement:53f22215-c9aa-4bf1-8238-8890ea1ad768,1619280000011000000
FUNDING,BTCUSDT-PERP.BINANCE,-3.28281367 USDT,,funding_settlement:480da0d0-c2b8-4408-a1ee-e11050babdaf,1619308800000000000
FUNDING,BTCUSDT-PERP.BINANCE,-5.78530742 USDT,,funding_settlement:4f7becf2-d6c9-4caa-96d9-d1687990f801,1619337600010000000
FUNDING,BTCUSDT-PERP.BINANCE,-1.51806297 USDT,,funding_settlement:b030cd8c-2660-4802-95bb-fc684ab013d7,1619366400000000000
FUNDING,BTCUSDT-PERP.BINANCE,-1.48148640 USDT,,funding_settlement:29e2155a-e90d-4482-86ac-64f58d67f3f5,1619395200003000000
FUNDING,BTCUSDT-PERP.BINANCE,-1.59503970 USDT,,funding_settlement:bb6b2630-da6b-45a2-86aa-fb2e467c1897,1619424000002000000
FUNDING,BTCUSDT-PERP.BINANCE,-1.61770288 USDT,,funding_settlement:289201e1-ebac-49e7-b29a-9761febdb4dd,1619452800004000000
FUNDING,BTCUSDT-PERP.BINANCE,-1.63043849 USDT,,funding_settlement:3bdc524e-ea7f-427e-99f7-932325e7a8f3,1619481600000000000
FUNDING,BTCUSDT-PERP.BINANCE,-1.64713783 USDT,,funding_settlement:673ff97b-dd61-49a7-902b-ef026940c734,1619510400000000000
FUNDING,BTCUSDT-PERP.BINANCE,-1.66084060 USDT,,funding_settlement:c5ea3927-5218-474a-bed1-509280e65b75,1619539200009000000
FUNDING,BTCUSDT-PERP.BINANCE,-1.66143620 USDT,,funding_settlement:cce6b050-94ca-4d74-b0d1-2fec671092c9,1619568000000000000
FUNDING,BTCUSDT-PERP.BINANCE,-1.63932723 USDT,,funding_settlement:acdefead-d27f-42e1-a0c1-2cf59848097d,1619596800000000000
FUNDING,BTCUSDT-PERP.BINANCE,-1.64154624 USDT,,funding_settlement:be1738f9-58e3-4377-b807-c70d67b674f7,1619625600001000000
FUNDING,BTCUSDT-PERP.BINANCE,-1.65609854 USDT,,funding_settlement:6ecc6ce7-7935-4c0c-afab-6902b027b183,1619654400004000000
FUNDING,BTCUSDT-PERP.BINANCE,-1.64439918 USDT,,funding_settlement:3b8d8f94-5d2b-4a7a-a967-fbd7648f00b5,1619683200013000000
FUNDING,BTCUSDT-PERP.BINANCE,-1.62333637 USDT,,funding_settlement:9dd2c86c-9ba4-4d4a-a972-48b4273a748d,1619712000003000000
FUNDING,BTCUSDT-PERP.BINANCE,-1.61738607 USDT,,funding_settlement:a4787251-f410-43c1-8894-eae63336cce9,1619740800004000000
FUNDING,BTCUSDT-PERP.BINANCE,-1.64149080 USDT,,funding_settlement:0e5a5343-bbd5-4b3b-b1f2-93408d0cd320,1619769600019000000
FUNDING,BTCUSDT-PERP.BINANCE,-1.72567666 USDT,,funding_settlement:20ff8889-257b-42ca-b038-c1b9e7b21915,1619798400003000000
FUNDING,BTCUSDT-PERP.BINANCE,-1.95299425 USDT,,funding_settlement:e02ae9ae-1adc-4a9f-b304-d54531d68e3f,1619827200002000000
FUNDING,BTCUSDT-PERP.BINANCE,-1.74388783 USDT,,funding_settlement:cd9257b4-c34b-421c-8078-ffca90b9f78b,1619856000006000000
FUNDING,BTCUSDT-PERP.BINANCE,-5.63261414 USDT,,funding_settlement:dc0038ce-9608-49d8-ad88-6ab52d1f7940,1619884800000000000
FUNDING,BTCUSDT-PERP.BINANCE,-2.76290846 USDT,,funding_settlement:28de7371-2fdb-4212-b2d3-b9f365228905,1619913600010000000
FUNDING,BTCUSDT-PERP.BINANCE,-7.75193153 USDT,,funding_settlement:6ee32c67-c889-4569-9fb3-ee233b5765f1,1619942400011000000
FUNDING,BTCUSDT-PERP.BINANCE,-7.74712398 USDT,,funding_settlement:a30b8b3a-c8e0-43c9-a2db-060166e19d05,1619971200007000000
FUNDING,BTCUSDT-PERP.BINANCE,-6.89417794 USDT,,funding_settlement:702fb864-6523-4832-84cf-9912f064d4b0,1620000000003000000
FUNDING,BTCUSDT-PERP.BINANCE,-6.43087512 USDT,,funding_settlement:485f63fa-b429-4520-905f-954c752be3cf,1620028800000000000
FUNDING,BTCUSDT-PERP.BINANCE,-11.72189376 USDT,,funding_settlement:a71ce908-a584-472e-80bc-504d5bc7f633,1620057600043000000
FUNDING,BTCUSDT-PERP.BINANCE,-8.80160345 USDT,,funding_settlement:36565340-5a60-41cd-bd83-6cc0f1a39445,1620086400004000000
FUNDING,BTCUSDT-PERP.BINANCE,-2.05891749 USDT,,funding_settlement:560768f2-db3d-4394-96e8-fa947b9faaa9,1620115200003000000
FUNDING,BTCUSDT-PERP.BINANCE,-10.80480803 USDT,,funding_settlement:e023e695-4b9b-44f7-b96f-dccb4e21a455,1620144000011000000
FUNDING,BTCUSDT-PERP.BINANCE,-7.18975492 USDT,,funding_settlement:e99a5380-9b20-4ee9-897d-9fb171476133,1620172800001000000
FUNDING,BTCUSDT-PERP.BINANCE,-7.03656630 USDT,,funding_settlement:f85ed87a-7505-4500-b78e-8dfb12437415,1620201600007000000
FUNDING,BTCUSDT-PERP.BINANCE,-2.04054249 USDT,,funding_settlement:e876151a-482a-486f-926f-65ab05e774c3,1620230400001000000
FUNDING,BTCUSDT-PERP.BINANCE,-13.21640493 USDT,,funding_settlement:3d3f9bd1-ab7d-4406-aa8d-a3845a5cd2fb,1620259200003000000
FUNDING,BTCUSDT-PERP.BINANCE,-10.29856802 USDT,,funding_settlement:9f67a714-c7cc-4b1c-8204-523430ab916e,1620288000001000000
FUNDING,BTCUSDT-PERP.BINANCE,-16.14697144 USDT,,funding_settlement:0756af02-4623-4751-84c2-984d097f5faf,1620316800000000000
FUNDING,BTCUSDT-PERP.BINANCE,-7.60971769 USDT,,funding_settlement:b0364290-a4be-4d15-85c8-a9caa36f5e8c,1620345600000000000
FUNDING,BTCUSDT-PERP.BINANCE,-8.99101834 USDT,,funding_settlement:7832844d-2051-40db-8233-b9eb6fc24f4a,1620374400000000000
FUNDING,BTCUSDT-PERP.BINANCE,-2.97935535 USDT,,funding_settlement:d1ea5757-69ca-417f-85f7-98f6481c05e8,1620403200001000000
FUNDING,BTCUSDT-PERP.BINANCE,-10.28270768 USDT,,funding_settlement:8aa7631b-a377-4e99-8f89-92e5086fb677,1620432000006000000
FUNDING,BTCUSDT-PERP.BINANCE,-8.17522764 USDT,,funding_settlement:2cdebf2d-e588-4cdc-9de8-a5ca1f58a7e6,1620460800000000000
FUNDING,BTCUSDT-PERP.BINANCE,-8.07989564 USDT,,funding_settlement:3687b342-0e01-4e3e-95e4-0cda8238d1e4,1620489600000000000
FUNDING,BTCUSDT-PERP.BINANCE,-8.70881932 USDT,,funding_settlement:a3b058b3-8ecf-4bec-9156-5634dc3dde7d,1620518400005000000
FUNDING,BTCUSDT-PERP.BINANCE,-7.67955255 USDT,,funding_settlement:2a7ad14a-d28f-4a37-8eb7-53d184f038dc,1620547200016000000
FUNDING,BTCUSDT-PERP.BINANCE,-11.08217139 USDT,,funding_settlement:03a82185-8be2-467f-aa76-0d8a001721ae,1620576000000000000
FUNDING,BTCUSDT-PERP.BINANCE,-5.90041834 USDT,,funding_settlement:ca0d16a4-8126-4300-be88-c48e7eca0760,1620604800004000000
FUNDING,BTCUSDT-PERP.BINANCE,-15.93580463 USDT,,funding_settlement:40818b86-0b5f-4a03-b573-040299554c1c,1620633600000000000
FUNDING,BTCUSDT-PERP.BINANCE,-17.38526525 USDT,,funding_settlement:40258c6b-ca11-4872-8b2c-4fb00008218f,1620662400013000000
FUNDING,BTCUSDT-PERP.BINANCE,-6.67494655 USDT,,funding_settlement:375d031d-00a0-455c-9927-4a2a2804fdb6,1620691200000000000
FUNDING,BTCUSDT-PERP.BINANCE,-8.57214886 USDT,,funding_settlement:ec923c83-6347-40a5-a202-b8751b40ea4d,1620720000000000000
FUNDING,BTCUSDT-PERP.BINANCE,-4.34023770 USDT,,funding_settlement:5d60fdc5-b968-497b-8e97-5b518197fa78,1620748800002000000
FUNDING,BTCUSDT-PERP.BINANCE,-2.85334085 USDT,,funding_settlement:1a14a36a-a90c-4f7b-90db-aa0021487616,1620777600004000000
FUNDING,BTCUSDT-PERP.BINANCE,-5.82377154 USDT,,funding_settlement:63548643-9713-4e3d-9f78-95bff5b1e307,1620806400007000000
FUNDING,BTCUSDT-PERP.BINANCE,-6.66640840 USDT,,funding_settlement:52b40613-e3f9-475a-a022-f816d6f8c47f,1620835200012000000
FUNDING,BTCUSDT-PERP.BINANCE,-1.74566928 USDT,,funding_settlement:77414acb-9c76-4baa-8b32-8da52bb24547,1620864000016000000
FUNDING,BTCUSDT-PERP.BINANCE,-1.53707073 USDT,,funding_settlement:e4d0b1c1-a559-4dec-9c8d-ae3a684b3f0d,1620892800000000000
FUNDING,BTCUSDT-PERP.BINANCE,-3.43158124 USDT,,funding_settlement:21800262-2c8d-4e20-a780-2ac44833b2d7,1620921600008000000
FUNDING,BTCUSDT-PERP.BINANCE,-6.01081940 USDT,,funding_settlement:0abac7ef-0b52-45de-8c8f-86bba7192c6c,1620950400007000000
FUNDING,BTCUSDT-PERP.BINANCE,-5.32285871 USDT,,funding_settlement:dbfda40e-101e-4e84-8ef2-cfe3169c2874,1620979200001000000
FUNDING,BTCUSDT-PERP.BINANCE,-2.33201095 USDT,,funding_settlement:a22a24b5-6f61-407d-9a7a-0c4ab2899928,1621008000004000000
FUNDING,BTCUSDT-PERP.BINANCE,-1.50586736 USDT,,funding_settlement:1638c408-b8e7-4dde-84cc-ed471ee8e726,1621036800022000000
FUNDING,BTCUSDT-PERP.BINANCE,-1.48256846 USDT,,funding_settlement:13d4a551-0fa7-48b1-a14a-0b4f819e46e8,1621065600014000000
FUNDING,BTCUSDT-PERP.BINANCE,-2.98263692 USDT,,funding_settlement:68613218-4995-49a7-b209-8f2520a84df4,1621094400002000000
FUNDING,BTCUSDT-PERP.BINANCE,-5.68677818 USDT,,funding_settlement:0b15abe6-9629-4bcf-afaa-f426ffe40c35,1621123200000000000
FUNDING,BTCUSDT-PERP.BINANCE,-2.48808014 USDT,,funding_settlement:15d6a166-d3f4-4663-b1e1-1ec1250118a9,1621152000003000000
FUNDING,BTCUSDT-PERP.BINANCE,-5.22510978 USDT,,funding_settlement:60822158-15c8-47b1-baa8-09b5baaefb1b,1621180800002000000
FUNDING,BTCUSDT-PERP.BINANCE,-1.40229392 USDT,,funding_settlement:a6858c8d-dc5e-40c4-be6b-5cd600234279,1621209600005000000
FUNDING,BTCUSDT-PERP.BINANCE,-8.72669220 USDT,,funding_settlement:cc401b36-7158-4b63-8b73-347f64b2761b,1621238400001000000
FUNDING,BTCUSDT-PERP.BINANCE,-7.77162299 USDT,,funding_settlement:05d6811b-d6d4-46e2-8d5f-955e3dd5f717,1621267200000000000
FUNDING,BTCUSDT-PERP.BINANCE,-7.18777465 USDT,,funding_settlement:dd279357-fc88-4209-870d-e41e87b4dc3d,1621296000019000000
FUNDING,BTCUSDT-PERP.BINANCE,-2.00776043 USDT,,funding_settlement:16595001-50d0-45a0-887c-8e037d65f1d6,1621324800001000000
FUNDING,BTCUSDT-PERP.BINANCE,-2.83269853 USDT,,funding_settlement:e7cc7e52-f73e-408d-a8b6-b78f0ae8afe9,1621353600006000000
FUNDING,BTCUSDT-PERP.BINANCE,-1.29459900 USDT,,funding_settlement:90aaa103-c5fb-4533-826c-228564ad1ff2,1621382400000000000
FUNDING,BTCUSDT-PERP.BINANCE,-4.36963798 USDT,,funding_settlement:4dbed4e1-9953-47e5-b0e1-108f5c4d1098,1621411200003000000
FUNDING,BTCUSDT-PERP.BINANCE,10.10626008 USDT,,funding_settlement:563711a6-c920-4101-8d62-90157ecaaf57,1621440000018000000
FUNDING,BTCUSDT-PERP.BINANCE,-1.10693304 USDT,,funding_settlement:bd9d693f-ef00-424a-97f5-fcff8ac0ef20,1621468800005000000
FUNDING,BTCUSDT-PERP.BINANCE,-1.20677630 USDT,,funding_settlement:9bc2c3b2-8b73-4405-aa3f-eca23f52685c,1621497600000000000
FUNDING,BTCUSDT-PERP.BINANCE,-1.25061369 USDT,,funding_settlement:0a9afe68-3cef-410e-a18b-317bcccfef84,1621526400005000000
FUNDING,BTCUSDT-PERP.BINANCE,-1.22342195 USDT,,funding_settlement:1deef465-6d98-4c17-89ec-0c6e5875c446,1621555200000000000
FUNDING,BTCUSDT-PERP.BINANCE,0.12037663 USDT,,funding_settlement:70723ea3-bd5a-4132-9759-1dedd0c7495a,1621584000000000000
FUNDING,BTCUSDT-PERP.BINANCE,-0.83852611 USDT,,funding_settlement:bcc24939-70c6-4667-a486-25683b90638a,1621612800001000000
FUNDING,BTCUSDT-PERP.BINANCE,2.74916637 USDT,,funding_settlement:34a8cba6-3cf6-461c-8da3-b0e5902adcfa,1621641600001000000
FUNDING,BTCUSDT-PERP.BINANCE,-1.09533572 USDT,,funding_settlement:f1b82c99-0dc6-440b-a1df-14fded53c1f5,1621670400002000000
FUNDING,BTCUSDT-PERP.BINANCE,-1.15176765 USDT,,funding_settlement:81c7e64f-5268-4bcb-9c25-805c3c244667,1621699200005000000
FUNDING,BTCUSDT-PERP.BINANCE,0.56646805 USDT,,funding_settlement:13d65786-cad8-4641-a3cc-4f4822a055c5,1621728000006000000
FUNDING,BTCUSDT-PERP.BINANCE,0.11479003 USDT,,funding_settlement:3f4d03a3-0573-4704-b328-bb1630b3fb37,1621756800004000000
FUNDING,BTCUSDT-PERP.BINANCE,-0.47244921 USDT,,funding_settlement:9561ccb8-6a38-4940-8e5c-e48222d6b0eb,1621785600002000000
FUNDING,BTCUSDT-PERP.BINANCE,0.89192957 USDT,,funding_settlement:56e13046-58f5-4ef2-b395-2640aa86f687,1621814400007000000
FUNDING,BTCUSDT-PERP.BINANCE,1.09515498 USDT,,funding_settlement:f728136f-8c5b-44a5-bde9-cffb26ab6397,1621843200005000000
FUNDING,BTCUSDT-PERP.BINANCE,-0.23675628 USDT,,funding_settlement:5cc08d7e-cf30-420f-93ef-b4fe1b336ff3,1621872000005000000
FUNDING,BTCUSDT-PERP.BINANCE,-1.17108775 USDT,,funding_settlement:1d7e5fc8-0a4d-4c51-8fbd-9721f6ebb709,1621900800000000000
FUNDING,BTCUSDT-PERP.BINANCE,-1.17727801 USDT,,funding_settlement:de7d4c57-a525-42dc-8526-e43ad1bed774,1621929600014000000
FUNDING,BTCUSDT-PERP.BINANCE,-1.15566946 USDT,,funding_settlement:4bbc6ef9-afc4-4551-b401-48bcbbb370a1,1621958400000000000
FUNDING,BTCUSDT-PERP.BINANCE,-1.15797606 USDT,,funding_settlement:cf522945-04d3-4bbd-86ee-c45ab0cb05da,1621987200022000000
FUNDING,BTCUSDT-PERP.BINANCE,-1.22180675 USDT,,funding_settlement:4e9db7be-40b3-4d03-b370-ced8a6152013,1622016000018000000
FUNDING,BTCUSDT-PERP.BINANCE,-1.17130156 USDT,,funding_settlement:c1ec1e27-868c-4d6e-b330-eb284c0e42bb,1622044800004000000
FUNDING,BTCUSDT-PERP.BINANCE,-1.18473211 USDT,,funding_settlement:11f82173-c183-4ced-b236-aa8d6499be85,1622073600000000000
FUNDING,BTCUSDT-PERP.BINANCE,-1.15564679 USDT,,funding_settlement:8a2278db-fdc7-4b52-93a8-d00934cfc6b8,1622102400017000000
FUNDING,BTCUSDT-PERP.BINANCE,-1.19837707 USDT,,funding_settlement:06ca955e-2333-4f7a-9740-66eb5a95f70a,1622131200000000000
FUNDING,BTCUSDT-PERP.BINANCE,-1.16243574 USDT,,funding_settlement:6725b2a4-b1bd-4696-a4c4-1e92c72a401a,1622160000005000000
FUNDING,BTCUSDT-PERP.BINANCE,-1.11668254 USDT,,funding_settlement:384cbfb5-ba52-4c8d-82d8-16808542be8a,1622188800009000000
FUNDING,BTCUSDT-PERP.BINANCE,-1.10960722 USDT,,funding_settlement:60958339-6dc3-410e-b15f-3fd4c992208b,1622217600000000000
FUNDING,BTCUSDT-PERP.BINANCE,-1.07709659 USDT,,funding_settlement:ddf5ae7e-9d52-4682-8ac2-02f1bc2b7743,1622246400006000000
FUNDING,BTCUSDT-PERP.BINANCE,-1.09296488 USDT,,funding_settlement:9a8e2858-bd30-447b-b075-de31001c69bd,1622275200000000000
FUNDING,BTCUSDT-PERP.BINANCE,-1.07880931 USDT,,funding_settlement:0d8a8647-d50a-4bd2-8e0c-f445452e49fd,1622304000000000000
FUNDING,BTCUSDT-PERP.BINANCE,-1.04461842 USDT,,funding_settlement:50275e19-0225-461a-833a-3d008c080657,1622332800003000000
FUNDING,BTCUSDT-PERP.BINANCE,-1.08693817 USDT,,funding_settlement:fc55a684-4628-4355-8324-a2d57210ccb1,1622361600004000000
FUNDING,BTCUSDT-PERP.BINANCE,-1.07188467 USDT,,funding_settlement:94b48584-78d0-4869-ae1f-e43c39fe47a9,1622390400018000000
FUNDING,BTCUSDT-PERP.BINANCE,-1.07668436 USDT,,funding_settlement:16192da8-3f69-4a44-943c-c5861d5b6908,1622419200002000000
FUNDING,BTCUSDT-PERP.BINANCE,-1.08226274 USDT,,funding_settlement:f3746124-a542-4c4a-9cdf-aa127e279a90,1622448000000000000
FUNDING,BTCUSDT-PERP.BINANCE,-1.11606062 USDT,,funding_settlement:1e8a4d85-304a-41fd-8ea2-c0d21da829fb,1622476800000000000
FUNDING,BTCUSDT-PERP.BINANCE,-1.12470895 USDT,,funding_settlement:a5133ea3-b6a8-46d1-b70f-d1b2c834f811,1622505600001000000
FUNDING,BTCUSDT-PERP.BINANCE,-1.11200176 USDT,,funding_settlement:29865d12-c26d-482d-b335-1664177bdf6d,1622534400010000000
FUNDING,BTCUSDT-PERP.BINANCE,-1.09394198 USDT,,funding_settlement:79ad5270-789d-4793-bcd0-b077bf1c50a8,1622563200010000000
FUNDING,BTCUSDT-PERP.BINANCE,-1.10808658 USDT,,funding_settlement:067bf7c7-06a1-42e0-84d1-4576758355c4,1622592000008000000
FUNDING,BTCUSDT-PERP.BINANCE,-1.12402316 USDT,,funding_settlement:a99c6742-bbb4-4d79-a3d6-13ac7b242724,1622620800000000000
FUNDING,BTCUSDT-PERP.BINANCE,-1.14861765 USDT,,funding_settlement:125ab226-e759-4a9e-a365-b0c831d5451e,1622649600007000000
FUNDING,BTCUSDT-PERP.BINANCE,-1.13453492 USDT,,funding_settlement:53289e69-4047-4891-a71e-8a67f7dd8249,1622678400019000000
FUNDING,BTCUSDT-PERP.BINANCE,-1.16674891 USDT,,funding_settlement:0aaaacab-ad21-43bc-b70d-7098bd73139b,1622707200002000000
FUNDING,BTCUSDT-PERP.BINANCE,-1.16435315 USDT,,funding_settlement:6c399e6c-b3af-4d8f-a694-a7a416f82925,1622736000003000000
FUNDING,BTCUSDT-PERP.BINANCE,-1.18505804 USDT,,funding_settlement:dddaa5a5-39c1-4689-90c0-c20b720f0585,1622764800003000000
FUNDING,BTCUSDT-PERP.BINANCE,-2.27474701 USDT,,funding_settlement:b69fd567-7a3a-4cd8-8466-e4bfd8bbcef9,1622793600006000000
FUNDING,BTCUSDT-PERP.BINANCE,-1.11583649 USDT,,funding_settlement:6d48f691-81a3-444e-b232-e6d9137bd3f9,1622822400002000000
FUNDING,BTCUSDT-PERP.BINANCE,-1.11261610 USDT,,funding_settlement:4ec6dc05-f0d8-4c5d-a36c-e7b3b220e1f4,1622851200000000000
FUNDING,BTCUSDT-PERP.BINANCE,-1.13490397 USDT,,funding_settlement:923e02dd-658a-4b28-93e8-bb191d886498,1622880000004000000
FUNDING,BTCUSDT-PERP.BINANCE,-1.09629790 USDT,,funding_settlement:c5d4e531-5b20-4246-9790-3848a02a7055,1622908800020000000
FUNDING,BTCUSDT-PERP.BINANCE,-1.07224062 USDT,,funding_settlement:95d4735d-d0a5-45fe-9411-c4361c80c70e,1622937600000000000
FUNDING,BTCUSDT-PERP.BINANCE,-1.09113257 USDT,,funding_settlement:a400d42f-0ac0-485b-b6f3-92096d2e6e23,1622966400004000000
FUNDING,BTCUSDT-PERP.BINANCE,-1.09233400 USDT,,funding_settlement:ce4120e1-8844-404f-a285-c4665b0e0931,1622995200000000000
FUNDING,BTCUSDT-PERP.BINANCE,-1.08123822 USDT,,funding_settlement:ff2f7eb0-215f-44fb-9d32-4412b7a00516,1623024000007000000
FUNDING,BTCUSDT-PERP.BINANCE,-1.09170252 USDT,,funding_settlement:51a6f7f7-93eb-4ae4-9fd0-83b6eddb2177,1623052800007000000
FUNDING,BTCUSDT-PERP.BINANCE,-1.08836210 USDT,,funding_settlement:d6ef629a-b5f4-4737-b9c2-e284ad76ecee,1623081600003000000
FUNDING,BTCUSDT-PERP.BINANCE,-1.01371898 USDT,,funding_settlement:2b4ce165-6344-4bcc-a80b-c506c2cc65b6,1623110400000000000
FUNDING,BTCUSDT-PERP.BINANCE,-0.10096802 USDT,,funding_settlement:086520df-d15c-417a-9a0f-5a1a382cc744,1623139200000000000
FUNDING,BTCUSDT-PERP.BINANCE,-0.95725251 USDT,,funding_settlement:5982eb75-d334-4deb-a1b9-59f7e4735696,1623168000002000000
FUNDING,BTCUSDT-PERP.BINANCE,-1.00798993 USDT,,funding_settlement:949083ed-516d-46b4-99fb-cf4489578a15,1623196800009000000
FUNDING,BTCUSDT-PERP.BINANCE,0.55638155 USDT,,funding_settlement:03c5f6f1-f55a-4175-9a6a-3282e706d985,1623225600002000000
FUNDING,BTCUSDT-PERP.BINANCE,1.62879925 USDT,,funding_settlement:76abdbac-ef73-493f-a2cb-1cdf1998bf1d,1623254400000000000
FUNDING,BTCUSDT-PERP.BINANCE,1.89442925 USDT,,funding_settlement:63c986b8-51d4-47c8-a7b0-29c27356432a,1623283200007000000
FUNDING,BTCUSDT-PERP.BINANCE,-0.67244261 USDT,,funding_settlement:6665ac7e-f405-4544-b8ad-39a9920e230e,1623312000003000000
FUNDING,BTCUSDT-PERP.BINANCE,-1.11435759 USDT,,funding_settlement:779f786f-d745-45d9-aba2-0965d3456d8c,1623340800000000000
FUNDING,BTCUSDT-PERP.BINANCE,-1.10725280 USDT,,funding_settlement:0b8c796d-7205-4e6c-89b0-b518b081e370,1623369600010000000
FUNDING,BTCUSDT-PERP.BINANCE,-0.29302389 USDT,,funding_settlement:7c212143-d12b-408c-b0f9-30baff966923,1623398400007000000
FUNDING,BTCUSDT-PERP.BINANCE,-0.53112148 USDT,,funding_settlement:8d2b4f14-ac1a-40a3-ab80-2d3a33d6bf49,1623427200006000000
FUNDING,BTCUSDT-PERP.BINANCE,0.87664198 USDT,,funding_settlement:388c06b7-4983-49d9-9615-fb01d390501d,1623456000005000000
FUNDING,BTCUSDT-PERP.BINANCE,-1.06535936 USDT,,funding_settlement:5955e857-78a5-4eeb-80f7-3fae22ea61e8,1623484800000000000
FUNDING,BTCUSDT-PERP.BINANCE,0.08699195 USDT,,funding_settlement:a0e035c3-9901-49b4-bd89-b58d0051d862,1623513600018000000
FUNDING,BTCUSDT-PERP.BINANCE,-1.03445602 USDT,,funding_settlement:a2ce8b13-bde9-4024-a710-fe9813fc3c25,1623542400002000000
FUNDING,BTCUSDT-PERP.BINANCE,-0.30377976 USDT,,funding_settlement:ca28aa4d-e323-4b33-8dd4-858fd3616c7c,1623571200000000000
FUNDING,BTCUSDT-PERP.BINANCE,0.71324714 USDT,,funding_settlement:3d44808e-b581-4467-8a8b-add029858e46,1623600000003000000
FUNDING,BTCUSDT-PERP.BINANCE,-1.17788655 USDT,,funding_settlement:e5c33805-cfb3-4733-bd31-f2ce66bb4e46,1623628800000000000
FUNDING,BTCUSDT-PERP.BINANCE,-1.19380389 USDT,,funding_settlement:d8071d47-6164-43ed-a52d-db725094dc48,1623657600015000000
FUNDING,BTCUSDT-PERP.BINANCE,0.38622608 USDT,,funding_settlement:7754a859-70ce-430b-b8ce-472963e67f1d,1623686400000000000
FUNDING,BTCUSDT-PERP.BINANCE,-0.97851496 USDT,,funding_settlement:cdffa47d-9ae4-43e2-a69f-84d77166d7c6,1623715200000000000
FUNDING,BTCUSDT-PERP.BINANCE,-1.21865503 USDT,,funding_settlement:955ef908-870c-4ff8-8a9f-61571887c7d7,1623744000000000000
FUNDING,BTCUSDT-PERP.BINANCE,-1.21009935 USDT,,funding_settlement:3ef1dd5a-adea-4e9d-889f-44d33feffedd,1623772800004000000
FUNDING,BTCUSDT-PERP.BINANCE,-1.21224763 USDT,,funding_settlement:81c5e333-a78c-41a5-af78-801ea5039fb9,1623801600004000000
FUNDING,BTCUSDT-PERP.BINANCE,-1.21178618 USDT,,funding_settlement:a5d93002-08af-4b6a-a911-121f91586cb3,1623830400001000000
FUNDING,BTCUSDT-PERP.BINANCE,-1.17112673 USDT,,funding_settlement:3effbfb0-c60e-4411-8ee1-bf730c3f0c76,1623859200000000000
FUNDING,BTCUSDT-PERP.BINANCE,-1.15813051 USDT,,funding_settlement:2fb1d773-b029-4a6a-bb25-62c3c5717e45,1623888000004000000
FUNDING,BTCUSDT-PERP.BINANCE,-1.18424672 USDT,,funding_settlement:795bcd2b-a940-461f-a818-359fad1e5111,1623916800000000000
FUNDING,BTCUSDT-PERP.BINANCE,-1.17790510 USDT,,funding_settlement:1d1665be-9bd0-4b9a-b5dd-38ba49999b5a,1623945600002000000
FUNDING,BTCUSDT-PERP.BINANCE,-0.61398137 USDT,,funding_settlement:dc10728b-7928-43e5-9910-027b7bd65a62,1623974400009000000
FUNDING,BTCUSDT-PERP.BINANCE,-0.03926777 USDT,,funding_settlement:3951ef0c-1d8e-481b-adf2-638746d69eb0,1624003200014000000
FUNDING,BTCUSDT-PERP.BINANCE,-1.09794123 USDT,,funding_settlement:3bc7f302-d85f-44ed-b610-c491e8362021,1624032000007000000
FUNDING,BTCUSDT-PERP.BINANCE,0.56277207 USDT,,funding_settlement:ff7787a0-6b2e-49b7-8ffd-d225f3d2ce5c,1624060800003000000
FUNDING,BTCUSDT-PERP.BINANCE,1.01990629 USDT,,funding_settlement:8fd90464-ef71-4f40-ae86-128e40c17fff,1624089600001000000
FUNDING,BTCUSDT-PERP.BINANCE,-0.81504465 USDT,,funding_settlement:da2b7647-1a70-4f19-b04e-1d2bb0199475,1624118400000000000
FUNDING,BTCUSDT-PERP.BINANCE,-1.07175632 USDT,,funding_settlement:e6806cc0-df00-4c18-ad9d-3ef8ac48975e,1624147200005000000
FUNDING,BTCUSDT-PERP.BINANCE,-1.07557971 USDT,,funding_settlement:afbf19d3-29b1-411b-949f-f0e5f832bd0b,1624176000000000000
FUNDING,BTCUSDT-PERP.BINANCE,1.91512543 USDT,,funding_settlement:0519a09c-de67-4fe1-9b1a-3bdefdf6bd6d,1624204800002000000
FUNDING,BTCUSDT-PERP.BINANCE,0.17378464 USDT,,funding_settlement:3cb7bb7f-a546-428f-9d12-3c78926812a8,1624233600019000000
FUNDING,BTCUSDT-PERP.BINANCE,-0.99615697 USDT,,funding_settlement:01a9fc78-cbb2-4874-a8d1-7512e69fe33d,1624262400000000000
FUNDING,BTCUSDT-PERP.BINANCE,1.95841763 USDT,,funding_settlement:a8f4965d-cbea-4372-8b67-046a1cd79dd9,1624291200024000000
FUNDING,BTCUSDT-PERP.BINANCE,-0.75891005 USDT,,funding_settlement:65c1cba2-285d-4ef7-8a82-8f0f42a33281,1624320000008000000
FUNDING,BTCUSDT-PERP.BINANCE,-0.98538830 USDT,,funding_settlement:c3ba4ba7-c43c-425a-b26f-bfb512157e41,1624348800009000000
FUNDING,BTCUSDT-PERP.BINANCE,3.13420665 USDT,,funding_settlement:a939fa59-540a-4b9a-85d1-58b9f0a95ec5,1624377600001000000
FUNDING,BTCUSDT-PERP.BINANCE,-0.00657411 USDT,,funding_settlement:c22ab55f-3a51-4f70-afa3-406227a10428,1624406400003000000
FUNDING,BTCUSDT-PERP.BINANCE,1.40417730 USDT,,funding_settlement:ebac5747-261b-4908-aee2-ecab2bac647d,1624435200000000000
FUNDING,BTCUSDT-PERP.BINANCE,2.01185313 USDT,,funding_settlement:5572dc22-d4d8-4dab-b528-48734e8366ea,1624464000000000000
FUNDING,BTCUSDT-PERP.BINANCE,0.79103208 USDT,,funding_settlement:8803858a-164d-4eeb-b63c-6ccbcb71f714,1624492800009000000
FUNDING,BTCUSDT-PERP.BINANCE,-0.99183456 USDT,,funding_settlement:fb8041b3-ce0b-4237-b8c9-0d1c2869e876,1624521600018000000
FUNDING,BTCUSDT-PERP.BINANCE,1.92999043 USDT,,funding_settlement:f9b2aa95-2c29-48c5-8496-992575be80e6,1624550400001000000
FUNDING,BTCUSDT-PERP.BINANCE,-0.24819269 USDT,,funding_settlement:fc63ce39-876b-48a9-9a26-76d7a4965cfb,1624579200009000000
FUNDING,BTCUSDT-PERP.BINANCE,-1.03508234 USDT,,funding_settlement:5e6ae69f-0b98-4a80-bdb5-6b518ddb9e12,1624608000004000000
FUNDING,BTCUSDT-PERP.BINANCE,-0.98461391 USDT,,funding_settlement:99f9c4db-4137-463d-99b8-22b8a2f90a40,1624636800000000000
FUNDING,BTCUSDT-PERP.BINANCE,1.05159045 USDT,,funding_settlement:a520697d-58aa-489d-b028-9ccc192e7135,1624665600007000000
FUNDING,BTCUSDT-PERP.BINANCE,1.21642280 USDT,,funding_settlement:c323c0a2-a91b-4980-b442-c7870d15e5bb,1624694400000000000
FUNDING,BTCUSDT-PERP.BINANCE,0.98751099 USDT,,funding_settlement:0649b07b-66e3-47ac-adc8-ea314481db6c,1624723200002000000
FUNDING,BTCUSDT-PERP.BINANCE,2.29759479 USDT,,funding_settlement:0f59d41f-8907-4cbb-a5b4-d37dcaedce4a,1624752000005000000
FUNDING,BTCUSDT-PERP.BINANCE,5.31328959 USDT,,funding_settlement:3d5484e3-75e3-420e-ba41-c178374d291e,1624780800010000000
FUNDING,BTCUSDT-PERP.BINANCE,2.61538668 USDT,,funding_settlement:005ee4ef-9fa3-4315-8310-8af5d0001b4b,1624809600001000000
FUNDING,BTCUSDT-PERP.BINANCE,0.30524440 USDT,,funding_settlement:49e7043e-b79e-4e53-857e-f6562fb179e5,1624838400025000000
FUNDING,BTCUSDT-PERP.BINANCE,-0.35017542 USDT,,funding_settlement:03aff15d-8609-4035-a41c-ab44d693a820,1624867200017000000
FUNDING,BTCUSDT-PERP.BINANCE,-1.05540642 USDT,,funding_settlement:58089cfe-ceca-4963-8174-aacb9569ff59,1624896000007000000
FUNDING,BTCUSDT-PERP.BINANCE,-0.86904623 USDT,,funding_settlement:acedbfa0-e0b0-4ef6-87eb-51f196fe0c07,1624924800008000000
FUNDING,BTCUSDT-PERP.BINANCE,-1.05238079 USDT,,funding_settlement:69057c35-50b4-479f-81fe-9aaf03b0d9c8,1624953600000000000
FUNDING,BTCUSDT-PERP.BINANCE,-0.42503537 USDT,,funding_settlement:ba851bb4-0815-4945-b3d6-9b05410bef38,1624982400000000000
FUNDING,BTCUSDT-PERP.BINANCE,-1.08437651 USDT,,funding_settlement:1b844813-3732-4900-9444-67e193b1f935,1625011200011000000
FUNDING,BTCUSDT-PERP.BINANCE,-1.06387563 USDT,,funding_settlement:6537e749-5b40-49ec-a7b3-e2bbde5bfd1a,1625040000044000000
FUNDING,BTCUSDT-PERP.BINANCE,-1.03267647 USDT,,funding_settlement:a3daeb0f-a787-494c-ab4f-350e96915c7d,1625068800005000000
FUNDING,BTCUSDT-PERP.BINANCE,-1.05794858 USDT,,funding_settlement:e0c01dd2-7fbc-4ab7-9617-2d199af62eaa,1625097600000000000
FUNDING,BTCUSDT-PERP.BINANCE,-1.00681262 USDT,,funding_settlement:aaa7a0ee-9a07-4b7b-b96f-8e680cb342f5,1625126400004000000
FUNDING,BTCUSDT-PERP.BINANCE,-1.00936411 USDT,,funding_settlement:be0beb3e-a7d1-40c5-9015-8fac148b5b7b,1625155200028000000
FUNDING,BTCUSDT-PERP.BINANCE,-0.84030565 USDT,,funding_settlement:c5c55dec-2d4b-452f-aeb0-111b1dd4d6ba,1625184000002000000
FUNDING,BTCUSDT-PERP.BINANCE,-1.00724339 USDT,,funding_settlement:9e9739f8-654c-4958-820b-495c90cc1310,1625212800016000000
FUNDING,BTCUSDT-PERP.BINANCE,1.23994286 USDT,,funding_settlement:6591d6ab-9797-40be-b4ed-e4cef7f53ca1,1625241600007000000
FUNDING,BTCUSDT-PERP.BINANCE,0.49618296 USDT,,funding_settlement:e9ab4325-6c78-4b87-b0e4-8b6f00653ba8,1625270400008000000
FUNDING,BTCUSDT-PERP.BINANCE,1.41079853 USDT,,funding_settlement:0500c8df-4a3c-4080-866e-d885f95a1df9,1625299200000000000
FUNDING,BTCUSDT-PERP.BINANCE,-0.36882970 USDT,,funding_settlement:411ef866-3a88-46e9-b66c-b0c449ef2d28,1625328000004000000
FUNDING,BTCUSDT-PERP.BINANCE,-0.33854248 USDT,,funding_settlement:6139b0b5-b56e-4720-8da9-a63b7ae9ccde,1625356800012000000
FUNDING,BTCUSDT-PERP.BINANCE,1.64004809 USDT,,funding_settlement:f916412a-70c0-474b-9c37-4d02e61bfda3,1625385600002000000
FUNDING,BTCUSDT-PERP.BINANCE,-0.47446712 USDT,,funding_settlement:4d6279e2-81b6-43fa-9dc8-9557413e835c,1625414400003000000
FUNDING,BTCUSDT-PERP.BINANCE,-1.06544060 USDT,,funding_settlement:1840c32a-0d5f-4e68-a3cf-2db9c022d8fc,1625443200004000000
FUNDING,BTCUSDT-PERP.BINANCE,-1.03393879 USDT,,funding_settlement:b447d422-98e1-4fe4-9b28-17cfffffb65b,1625472000000000000
FUNDING,BTCUSDT-PERP.BINANCE,1.05868136 USDT,,funding_settlement:111181e7-ae30-4cb6-834f-1f4cb692882f,1625500800009000000
FUNDING,BTCUSDT-PERP.BINANCE,0.06925972 USDT,,funding_settlement:7eea4141-b4af-404b-9a2b-b93191fd99be,1625529600008000000
FUNDING,BTCUSDT-PERP.BINANCE,1.17256206 USDT,,funding_settlement:2cbd4581-f258-419d-8998-d1f49bea57de,1625558400019000000
FUNDING,BTCUSDT-PERP.BINANCE,0.84393465 USDT,,funding_settlement:3faa1c70-9919-4ced-a836-6766e6303c9d,1625587200000000000
FUNDING,BTCUSDT-PERP.BINANCE,1.38053761 USDT,,funding_settlement:b2d95bbe-a8fe-49f4-b125-6c9a89e68ea3,1625616000007000000
FUNDING,BTCUSDT-PERP.BINANCE,-1.04815155 USDT,,funding_settlement:107b92a6-3276-46a4-9f63-8e0d466c89bf,1625644800001000000
FUNDING,BTCUSDT-PERP.BINANCE,-1.04279514 USDT,,funding_settlement:4b048a27-4c21-4597-858e-dac073e3440d,1625673600008000000
FUNDING,BTCUSDT-PERP.BINANCE,-0.14127150 USDT,,funding_settlement:bef76140-1a0e-4c3b-a5bc-f290b8de3295,1625702400002000000
FUNDING,BTCUSDT-PERP.BINANCE,0.62817290 USDT,,funding_settlement:ba6708b6-bed7-48fd-923f-4571fe888584,1625731200010000000
FUNDING,BTCUSDT-PERP.BINANCE,2.78791101 USDT,,funding_settlement:602bd76a-c749-451c-8698-bf279779ddea,1625760000003000000
FUNDING,BTCUSDT-PERP.BINANCE,1.07985209 USDT,,funding_settlement:bd44d38e-0766-4fc2-b772-685fb4849946,1625788800000000000
FUNDING,BTCUSDT-PERP.BINANCE,1.72412801 USDT,,funding_settlement:71b64ec1-2bb3-4450-907c-9589adb0c1a4,1625817600006000000
FUNDING,BTCUSDT-PERP.BINANCE,1.90854486 USDT,,funding_settlement:48c9342f-e323-440b-8334-dc5576927c18,1625846400000000000
FUNDING,BTCUSDT-PERP.BINANCE,0.00826944 USDT,,funding_settlement:0bfd7530-7d5b-4d86-92dd-de44b50b2b77,1625875200002000000
FUNDING,BTCUSDT-PERP.BINANCE,-0.79960452 USDT,,funding_settlement:6b8dc590-b888-41a4-a21e-beba2b506e12,1625904000000000000
FUNDING,BTCUSDT-PERP.BINANCE,-0.00735909 USDT,,funding_settlement:fe5fa4e8-a724-426a-976d-453c68e642ba,1625932800001000000
FUNDING,BTCUSDT-PERP.BINANCE,-0.78758141 USDT,,funding_settlement:3265c12d-3fff-4c4b-a923-501a349d067f,1625961600001000000
FUNDING,BTCUSDT-PERP.BINANCE,-1.01166980 USDT,,funding_settlement:f35442c2-ab1f-4d33-a0fb-29549cd02c67,1625990400025000000
FUNDING,BTCUSDT-PERP.BINANCE,0.34563800 USDT,,funding_settlement:89bcb094-82a7-4767-b835-5daeed1c6ef0,1626019200006000000
FUNDING,BTCUSDT-PERP.BINANCE,-0.91539600 USDT,,funding_settlement:803644d7-7089-4c0a-a536-b3d830ad3e89,1626048000000000000
FUNDING,BTCUSDT-PERP.BINANCE,-0.35843479 USDT,,funding_settlement:20bc5133-ad98-4d85-9c39-b38abd393052,1626076800021000000
FUNDING,BTCUSDT-PERP.BINANCE,-1.00699941 USDT,,funding_settlement:dbe975f9-6ed8-4c60-b958-6aa1e807f3aa,1626105600000000000
FUNDING,BTCUSDT-PERP.BINANCE,-0.99923053 USDT,,funding_settlement:84972c69-a51b-4fb6-8185-0140a89c765a,1626134400000000000
FUNDING,BTCUSDT-PERP.BINANCE,-1.00148232 USDT,,funding_settlement:3139424a-a417-426f-935e-2f5f29251a95,1626163200013000000
FUNDING,BTCUSDT-PERP.BINANCE,-0.00514665 USDT,,funding_settlement:5f14992e-8d04-485f-a586-0662e9449584,1626192000005000000
FUNDING,BTCUSDT-PERP.BINANCE,-0.98794847 USDT,,funding_settlement:929896eb-a725-4fd1-bfd6-81ba73a87c7b,1626220800000000000
FUNDING,BTCUSDT-PERP.BINANCE,-0.12691847 USDT,,funding_settlement:12b05ab5-fb91-4a13-b26c-da25890bba0b,1626249600000000000
FUNDING,BTCUSDT-PERP.BINANCE,1.16324541 USDT,,funding_settlement:583e68db-46e6-4513-b140-92c399dc3d05,1626278400005000000
FUNDING,BTCUSDT-PERP.BINANCE,0.48383885 USDT,,funding_settlement:c225249b-222a-476c-9442-899fb6759fa1,1626307200005000000
FUNDING,BTCUSDT-PERP.BINANCE,-0.98032099 USDT,,funding_settlement:fc207ba6-d141-4a74-ba64-9a0c30589bdc,1626336000001000000
FUNDING,BTCUSDT-PERP.BINANCE,-0.15077831 USDT,,funding_settlement:a76dc1e3-f182-49e0-a3fe-0d2e6a5932d6,1626364800000000000
FUNDING,BTCUSDT-PERP.BINANCE,1.10912772 USDT,,funding_settlement:ed9938d6-81ee-4f5c-b3b1-0ff3aced7170,1626393600000000000
FUNDING,BTCUSDT-PERP.BINANCE,-0.58563537 USDT,,funding_settlement:db80639a-8344-4434-bb11-1b550970c669,1626422400000000000
FUNDING,BTCUSDT-PERP.BINANCE,-0.10402978 USDT,,funding_settlement:d8b1b4ff-0a04-4db8-ab6f-bcde4b123e02,1626451200001000000
FUNDING,BTCUSDT-PERP.BINANCE,-0.94768261 USDT,,funding_settlement:5413d457-ac28-4a38-a579-66c231ae3d03,1626480000004000000
FUNDING,BTCUSDT-PERP.BINANCE,0.41310172 USDT,,funding_settlement:ef3e92fc-9d37-4c45-a856-e995679ee37e,1626508800009000000
FUNDING,BTCUSDT-PERP.BINANCE,-0.22668846 USDT,,funding_settlement:49c6d237-97d9-4312-aac9-c14beeb9faca,1626537600006000000
FUNDING,BTCUSDT-PERP.BINANCE,-0.95105598 USDT,,funding_settlement:cc97daa0-2be6-4632-82e7-f4898f98597d,1626566400000000000
FUNDING,BTCUSDT-PERP.BINANCE,-0.95749070 USDT,,funding_settlement:4e585c56-1804-4ffb-bdbe-abc2c99104a3,1626595200001000000
FUNDING,BTCUSDT-PERP.BINANCE,0.41990336 USDT,,funding_settlement:f7e3f059-b481-4e3f-82d5-f6100377766b,1626624000003000000
FUNDING,BTCUSDT-PERP.BINANCE,0.72026192 USDT,,funding_settlement:62799559-add0-47bd-91be-b13389a9b766,1626652800002000000
FUNDING,BTCUSDT-PERP.BINANCE,-0.30373186 USDT,,funding_settlement:2686d9c4-7103-47bf-a08c-f497a31d2707,1626681600006000000
FUNDING,BTCUSDT-PERP.BINANCE,0.11393666 USDT,,funding_settlement:35987681-cb60-4563-9fe2-bac2b8bb017c,1626710400006000000
FUNDING,BTCUSDT-PERP.BINANCE,1.46018897 USDT,,funding_settlement:6abd938e-456d-4165-b948-be892c99345e,1626739200002000000
FUNDING,BTCUSDT-PERP.BINANCE,1.13113631 USDT,,funding_settlement:a6824b90-7100-4964-9b76-8367359f4364,1626768000011000000
FUNDING,BTCUSDT-PERP.BINANCE,1.70840775 USDT,,funding_settlement:8fd6db4b-bf79-4b70-a15c-9d6ba5a7852a,1626796800001000000
FUNDING,BTCUSDT-PERP.BINANCE,2.05607208 USDT,,funding_settlement:f399c412-5fc7-4973-9c43-c585e21206c2,1626825600022000000
FUNDING,BTCUSDT-PERP.BINANCE,3.64104130 USDT,,funding_settlement:dcf8ae04-1e90-4e21-955a-744ae7a3506e,1626854400000000000
FUNDING,BTCUSDT-PERP.BINANCE,3.11258839 USDT,,funding_settlement:9cba197a-e816-41ac-9d68-2ae5b36ec9c3,1626883200018000000
FUNDING,BTCUSDT-PERP.BINANCE,1.57697888 USDT,,funding_settlement:8655c6cb-c430-4e8c-aac0-ea8af94900cf,1626912000002000000
FUNDING,BTCUSDT-PERP.BINANCE,-0.13209716 USDT,,funding_settlement:95f0f89a-f41e-41a4-bfb9-c02b0d61c304,1626940800006000000
FUNDING,BTCUSDT-PERP.BINANCE,-0.13475742 USDT,,funding_settlement:7f02f808-cdf8-49dc-999d-15f14387e0f9,1626969600010000000
FUNDING,BTCUSDT-PERP.BINANCE,-0.03352441 USDT,,funding_settlement:c8d07141-9f54-495f-bdd4-9399de630ef6,1626998400013000000
FUNDING,BTCUSDT-PERP.BINANCE,1.66491735 USDT,,funding_settlement:e3b4e892-0b9a-4ca9-8fa1-285e60139f79,1627027200000000000
FUNDING,BTCUSDT-PERP.BINANCE,0.09657329 USDT,,funding_settlement:360f7dfa-0fb5-4e11-a2fc-40aebfd43d94,1627056000005000000
FUNDING,BTCUSDT-PERP.BINANCE,0.73579541 USDT,,funding_settlement:05917ba9-b1b2-4d31-a5c2-682bc143d88a,1627084800000000000
FUNDING,BTCUSDT-PERP.BINANCE,1.36543152 USDT,,funding_settlement:372e6f8f-7127-4a42-a058-866d6e6440f2,1627113600002000000
FUNDING,BTCUSDT-PERP.BINANCE,1.08379472 USDT,,funding_settlement:ba094d08-8ef7-4164-9b98-c05d6fee4181,1627142400001000000
FUNDING,BTCUSDT-PERP.BINANCE,2.65474258 USDT,,funding_settlement:d0cc02d7-9ca9-4364-881e-0125b0c1de54,1627171200003000000
FUNDING,BTCUSDT-PERP.BINANCE,2.27281880 USDT,,funding_settlement:27c68ec0-3acc-4a92-af0c-3cd4665f6014,1627200000015000000
FUNDING,BTCUSDT-PERP.BINANCE,0.53610825 USDT,,funding_settlement:ab4dd9e6-7408-4b46-a06b-f78b201bf2b5,1627228800000000000
FUNDING,BTCUSDT-PERP.BINANCE,5.85950336 USDT,,funding_settlement:a1830755-7868-41f4-896a-71da3ebf5c54,1627257600000000000
FUNDING,BTCUSDT-PERP.BINANCE,-1.15209349 USDT,,funding_settlement:e25ab642-11b5-49cf-9364-ae1e966b3f09,1627286400000000000
FUNDING,BTCUSDT-PERP.BINANCE,-1.16478999 USDT,,funding_settlement:a26130d4-1811-42d0-8924-4e8e3ac5984a,1627315200000000000
FUNDING,BTCUSDT-PERP.BINANCE,-1.12422097 USDT,,funding_settlement:739ffacb-8db2-45dd-a64f-0fd3ab02b076,1627344000046000000
FUNDING,BTCUSDT-PERP.BINANCE,-1.12087806 USDT,,funding_settlement:e1fd9f67-8d4d-4299-8e69-af7b2b0ba5c3,1627372800014000000
FUNDING,BTCUSDT-PERP.BINANCE,0.25940888 USDT,,funding_settlement:98518590-97f2-4df1-a57a-f61d40731e3e,1627401600007000000
FUNDING,BTCUSDT-PERP.BINANCE,0.24272955 USDT,,funding_settlement:641bd4fd-8a6b-4de8-afcd-d43441eac782,1627430400000000000
FUNDING,BTCUSDT-PERP.BINANCE,-1.20461730 USDT,,funding_settlement:535d062e-f7fa-4e9e-a82a-3921c6e91f6a,1627459200002000000
FUNDING,BTCUSDT-PERP.BINANCE,-1.19793283 USDT,,funding_settlement:ea32c43f-7d39-4852-942e-b8eb5984d1a2,1627488000005000000
FUNDING,BTCUSDT-PERP.BINANCE,-0.18037496 USDT,,funding_settlement:65a2db8f-e623-48d3-a267-92766fb6ab66,1627516800004000000
FUNDING,BTCUSDT-PERP.BINANCE,-0.99745484 USDT,,funding_settlement:2a4756ff-d64f-4fff-a270-fe866863c2b6,1627545600000000000
FUNDING,BTCUSDT-PERP.BINANCE,-1.20607212 USDT,,funding_settlement:56dfe93e-2996-4517-8c25-826a0904e047,1627574400007000000
FUNDING,BTCUSDT-PERP.BINANCE,-1.20839260 USDT,,funding_settlement:c2ce0f73-004c-4106-b264-659f804d3a74,1627603200004000000
FUNDING,BTCUSDT-PERP.BINANCE,-1.19958900 USDT,,funding_settlement:7d64e5ca-a786-4018-a70f-f817321226f3,1627632000000000000
FUNDING,BTCUSDT-PERP.BINANCE,0.28032199 USDT,,funding_settlement:9e57ae3d-b420-4043-b171-446b9d4ed6bc,1627660800000000000
FUNDING,BTCUSDT-PERP.BINANCE,-1.27472962 USDT,,funding_settlement:b1ff8257-4152-4c05-a71b-d235bcf83ac4,1627689600000000000
FUNDING,BTCUSDT-PERP.BINANCE,-1.25447947 USDT,,funding_settlement:57d1c412-f959-4003-8628-f5425aa0c3e0,1627718400014000000
FUNDING,BTCUSDT-PERP.BINANCE,-1.25442133 USDT,,funding_settlement:3c310e7a-540e-4508-a0fb-a39d876a1cae,1627747200003000000
